Title,Link
6176,lionelcarhop.htm#6456PROD
6167,lionel_trains_6167u_caboose.htm
20,lionel_trains_020_track.htm
20X,lionel_trains_020x_track.htm
22,lionel_trains_022_track.htm
22A,lionel_trains_022_track.htm#022A
22-500,lionel_trains_022_track.htm#022-500
25,lionel_trains_025_acc.htm
26,lionel_trains_26_acc.htm
30,lionel_trains_30_acc.htm
31-45,lionel_trains_31-45_track.htm
32-20,lionel_trains_32-20_track.htm
35,lionel_trains_35_acc.htm
36,lionel_trains_36_track.htm
37,lionel_trains_37_track.htm
38-ACC,lionel_trains_38_acc.htm
38,lionel_trains_38_track.htm
39,lionel_trains_39_track.htm
41,lionel_trains_41_army_unit.htm
42,lionel_trains_42_picatinny_arsenal_unit.htm
43,lionel_trains_43_track.htm
44,lionel_trains_44_diesel.htm
45,lionel_trains_45_diesel.htm
45N,lionel_trains_45n_acc.htm
50,lionel_trains_50_gang_car.htm
51,lionel_trains_51_navy_yard_unit.htm
52,lionel_trains_52_fire_car.htm
53,lionel_trains_53_rio_grande_snow_plow_unit.htm
54,lionel_trains_54_ballast_tamper_unit.htm
55,lionel_trains_55_tie-jector_unit.htm
56,lionel_trains_56_m_and_st_louis_unit.htm
57,lionel_trains_57_aec_unit.htm
58-ACC,lionel_trains_58_acc.htm
58-SMU,lionel_trains_58_great_northern_snow_blower_unit.htm
59,lionel_trains_59_minuteman_unit.htm
60,lionel_trains_60_trolley.htm
61,lionel_trains_61_track.htm
62,lionel_trains_62_track.htm
64,lionel_trains_64_acc.htm
65,lionel_trains_65_handcar_unit.htm
68,lionel_trains_68_executive_inspection_car.htm
69,lionel_trains_69_maintenance_unit.htm
70,lionel_trains_70_acc.htm
71,lionel_trains_71_acc.htm
75,lionel_trains_75_acc.htm
76,lionel_trains_76_acc.htm
80,lionel_trains_80_acc.htm
88,lionel_trains_88_acc.htm
89,lionel_trains_89_acc.htm
90,lionel_trains_90_acc.htm
91,lionel_trains_91_acc.htm
92,lionel_trains_92_acc.htm
93,lionel_trains_93_acc.htm
96C,lionel_trains_96c_acc.htm
97,lionel_trains_97_acc.htm
110,lionel_trains_110_acc.htm
111,lionel_trains_111_acc.htm
112,lionel_trains_112_track.htm
114,lionel_trains_114_acc.htm
115,lionel_trains_115_acc.htm
118,lionel_trains_118_acc.htm
119,lionel_trains_119_acc.htm
121,lionel_trains_121_acc.htm
122,lionel_trains_122_acc.htm
123,lionel_trains_123_acc.htm
125,lionel_trains_125_acc.htm
128,lionel_trains_128_acc.htm
132,lionel_trains_132_acc.htm
133,lionel_trains_133_acc.htm
138,lionel_trains_138_acc.htm
140,lionel_trains_140_acc.htm
142,lionel_trains_142_track.htm
145,lionel_trains_145_acc.htm
145C,lionel_trains_145c_acc.htm
147,lionel_trains_147_acc.htm
148,lionel_trains_148_acc.htm
150,lionel_trains_150_acc.htm
151,lionel_trains_151_acc.htm
152,lionel_trains_152_acc.htm
153,lionel_trains_153_acc.htm
153C,lionel_trains_153c_acc.htm
154,lionel_trains_154_acc.htm
155,lionel_trains_155_acc.htm
156,lionel_trains_156_acc.htm
157,lionel_trains_157_acc.htm
160,lionel_trains_160_acc.htm
161,lionel_trains_161_acc.htm
163,lionel_trains_163_acc.htm
164,lionel_trains_164_acc.htm
167,lionel_trains_167_acc.htm
175,lionel_trains_175_acc.htm
182,lionel_trains_182_acc.htm
192,lionel_trains_192_acc.htm
193,lionel_trains_193_acc.htm
195,lionel_trains_195_acc.htm
196,lionel_trains_196_acc.htm
197,lionel_trains_197_acc.htm
199,lionel_trains_199_acc.htm
202,lionel_trains_202_diesel.htm
204,lionel_trains_204_diesel.htm
205,lionel_trains_205_diesel.htm
206,lionel_trains_206-207_acc.htm
207,lionel_trains_206-207_acc.htm
208,lionel_trains_208_diesel.htm
209,lionel_trains_209_diesel.htm
210,lionel_trains_210_diesel.htm
211,lionel_trains_211_diesel.htm
212-SF,lionel_trains_212_diesel.htm
212-USMC,lionel_trains_212usmc_diesel.htm
212T,lionel_trains_212t_diesel.htm
213,lionel_trains_213_diesel.htm
214,lionel_trains_214_acc.htm
215,lionel_trains_215_diesel.htm
216-BUR,lionel_trains_216bur_diesel.htm
216-MStL,lionel_trains_216_diesel.htm
217,lionel_trains_217_diesel.htm
218,lionel_trains_218_diesel.htm
218C,lionel_trains_218_diesel.htm
219,lionel_trains_219_diesel.htm
220,lionel_trains_220_diesel.htm
221-LOC,lionel_trains_221_loco.htm
221-RG,lionel_trains_221rg_diesel.htm
221-SF,lionel_trains_221sf_diesel.htm
221-USMC,lionel_trains_221usmc_diesel.htm
222,lionel_trains_222_diesel.htm
223,lionel_trains_223_diesel.htm
224,lionel_trains_224_diesel.htm
224-LOC,lionel_trains_224_loco.htm
225,lionel_trains_225_diesel.htm
226,lionel_trains_226_diesel.htm
227,lionel_trains_227_diesel.htm
228,lionel_trains_228_diesel.htm
229,lionel_trains_229_diesel.htm
230,lionel_trains_230_diesel.htm
231,lionel_trains_231_diesel.htm
232,lionel_trains_232_diesel.htm
233,lionel_trains_233_loco.htm
235,lionel_trains_235_loco.htm
236,lionel_trains_236_loco.htm
237,lionel_trains_237_loco.htm
238,lionel_trains_238_loco.htm
239,lionel_trains_239_loco.htm
240,lionel_trains_240_loco.htm
241,lionel_trains_241_loco.htm
242,lionel_trains_242_loco.htm
243,lionel_trains_243_loco.htm
244,lionel_trains_244_loco.htm
245,lionel_trains_245_loco.htm
246,lionel_trains_246_loco.htm
247,lionel_trains_247_loco.htm
248,lionel_trains_248_loco.htm
249,lionel_trains_249_loco.htm
250,lionel_trains_250_loco.htm
251,lionel_trains_251_loco.htm
252,lionel_trains_252_acc.htm
253,lionel_trains_253_acc.htm
256,lionel_trains_256_acc.htm
257,lionel_trains_257_acc.htm
260,lionel_trains_260_acc.htm
262,lionel_trains_262_acc.htm
264,lionel_trains_264_acc.htm
282,lionel_trains_282_acc.htm
299,lionel_trains_299_acc.htm
308,lionel_trains_308_acc.htm
309,lionel_trains_309_acc.htm
310,lionel_trains_310_acc.htm
313,lionel_trains_313_acc.htm
314,lionel_trains_314_acc.htm
315,lionel_trains_315_acc.htm
316,lionel_trains_316_acc.htm
317,lionel_trains_317_acc.htm
321,lionel_trains_321_acc.htm
332,lionel_trains_332_acc.htm
334,lionel_trains_334_acc.htm
342,lionel_trains_342_acc.htm
345,lionel_trains_345_acc.htm
346,lionel_trains_346_acc.htm
347,lionel_trains_347_acc.htm
348,lionel_trains_348_acc.htm
350,lionel_trains_350_acc.htm
350-50,lionel_trains_350_acc.htm
352,lionel_trains_352_acc.htm
353,lionel_trains_353_acc.htm
356,lionel_trains_356_acc.htm
362,lionel_trains_362_acc.htm
364,lionel_trains_364_acc.htm
364C,lionel_trains_364c_acc.htm
365,lionel_trains_365_acc.htm
375,lionel_trains_375_acc.htm
390C,lionel_trains_390c_acc.htm
394,lionel_trains_394_acc.htm
395,lionel_trains_395_acc.htm
397,lionel_trains_397_acc.htm
400,lionel_trains_400_diesel.htm
404,lionel_trains_404_diesel.htm
410,lionel_trains_410_acc.htm
413,lionel_trains_413_acc.htm
415,lionel_trains_415_acc.htm
419,lionel_trains_419_acc.htm
443,lionel_trains_443_acc.htm
445,lionel_trains_445_acc.htm
448,lionel_trains_448_acc.htm
450,lionel_trains_450_acc.htm
452,lionel_trains_452_acc.htm
455,lionel_trains_455_acc.htm
456,lionel_trains_456_acc.htm
460,lionel_trains_460_acc.htm
461,lionel_trains_461_acc.htm
462,lionel_trains_462_acc.htm
464,lionel_trains_464_acc.htm
465,lionel_trains_465_acc.htm
470,lionel_trains_470_acc.htm
494,lionel_trains_494_acc.htm
497,lionel_trains_497_acc.htm
520,lionel_trains_520_electric.htm
600,lionel_trains_600_diesel.htm
601,lionel_trains_601_diesel.htm
602,lionel_trains_602_diesel.htm
610,lionel_trains_610_diesel.htm
611,lionel_trains_611_diesel.htm
613,lionel_trains_613_diesel.htm
614,lionel_trains_614_diesel.htm
616,lionel_trains_616_diesel.htm
617,lionel_trains_617_diesel.htm
621,lionel_trains_621_diesel.htm
622,lionel_trains_622_diesel.htm
623,lionel_trains_623_diesel.htm
624,lionel_trains_624_diesel.htm
625,lionel_trains_625_diesel.htm
626,lionel_trains_626_diesel.htm
627,lionel_trains_627_diesel.htm
628,lionel_trains_628_diesel.htm
629,lionel_trains_629_diesel.htm
633,lionel_trains_633_diesel.htm
634,lionel_trains_634_diesel.htm
635,lionel_trains_635_diesel.htm
637,lionel_trains_637_loco.htm
638-2361,lionel_trains_638-2361_box_car.htm
645,lionel_trains_645_diesel.htm
646,lionel_trains_646_loco.htm
665,lionel_trains_665_loco.htm
671,lionel_trains_671_loco.htm
671R,lionel_trains_671r_loco.htm
675,lionel_trains_675_loco.htm
681,lionel_trains_681_loco.htm
682,lionel_trains_682_loco.htm
685,lionel_trains_685_loco.htm
726,lionel_trains_726_loco.htm
726RR,lionel_trains_726rr_loco.htm
736,lionel_trains_736_loco.htm
746,lionel_trains_746_loco.htm
760,lionel_trains_760_track.htm
773,lionel_trains_773_loco.htm
908,lionel_trains_908_acc.htm
909,lionel_trains_909_acc.htm
909-20,lionel_trains_909_acc.htm#NO909-20
910,lionel_trains_910_acc.htm
919,lionel_trains_919_acc.htm
920,lionel_trains_920_acc.htm
920-2,lionel_trains_920-02_acc.htm
926,lionel_trains_926_acc.htm
927,lionel_trains_927_acc.htm
927-90,lionel_trains_927-90_acc.htm
928,lionel_trains_928_acc.htm
943,lionel_trains_943_acc.htm
950,lionel_trains_950_acc.htm
951,lionel_trains_951_acc.htm
952,lionel_trains_952_acc.htm
953,lionel_trains_953_acc.htm
954,lionel_trains_954_acc.htm
955,lionel_trains_955_acc.htm
956,lionel_trains_956_acc.htm
957,lionel_trains_957_acc.htm
958,lionel_trains_958_acc.htm
959,lionel_trains_959_acc.htm
960,lionel_trains_960_acc.htm
961,lionel_trains_961_acc.htm
962,lionel_trains_962_acc.htm
963,lionel_trains_963_acc.htm
963-100,lionel_trains_963-100_acc.htm
964,lionel_trains_964_acc.htm
965,lionel_trains_965_acc.htm
966,lionel_trains_966_acc.htm
967,lionel_trains_967_acc.htm
968,lionel_trains_968_acc.htm
969,lionel_trains_969_acc.htm
970,lionel_trains_970_acc.htm
971,lionel_trains_971_acc.htm
972,lionel_trains_972_acc.htm
973,lionel_trains_973_acc.htm
974,lionel_trains_974_acc.htm
980,lionel_trains_980_acc.htm
981,lionel_trains_981_acc.htm
982,lionel_trains_982_acc.htm
983,lionel_trains_983_acc.htm
984,lionel_trains_984_acc.htm
985,lionel_trains_985_acc.htm
986,lionel_trains_986_acc.htm
987,lionel_trains_987_acc.htm
988,lionel_trains_988_acc.htm
0209,lionel_trains_0209_acc.htm
1001,lionel_trains_1001_loco.htm
1002,lionel_trains_1002_gondola_car.htm
1005,lionel_trains_1005_tank_car.htm
1007,lionel_trains_1007_caboose.htm
1008,lionel_trains_1008_track.htm
1008-50,lionel_trains_1008_track.htm
1010,lionel_trains_1010_transformer.htm
1011,lionel_trains_1011_transformer.htm
1012,lionel_trains_1012_transformer.htm
1014,lionel_trains_1014_transformer.htm
1015,lionel_trains_1015_transformer.htm
1016,lionel_trains_1016_transformer.htm
1019,lionel_trains_1019_track.htm
1022,lionel_trains_1022_track.htm
1023,lionel_trains_1023_track.htm
1025,lionel_trains_1025_transformer.htm
1026,lionel_trains_1026_transformer.htm
1032,lionel_trains_1032_transformer.htm
1033,lionel_trains_1033_transformer.htm
1034,lionel_trains_1034_transformer.htm
1035,lionel_trains_1035_transformer.htm
1037,lionel_trains_1037_transformer.htm
1041,lionel_trains_1041_transformer.htm
1042,lionel_trains_1042_transformer.htm
1043,lionel_trains_1043_transformer.htm
1043-500,lionel_trains_1043-500_transformer.htm
1044,lionel_trains_1044_transformer.htm
1045,lionel_trains_1045_acc.htm
1047,lionel_trains_1047_acc.htm
1050,lionel_trains_1050_loco.htm
1053,lionel_trains_1053_transformer.htm
1055,lionel_trains_1055_diesel.htm
1060,lionel_trains_1060_loco.htm
1061,lionel_trains_1061_loco.htm
1062,lionel_trains_1062_loco.htm
1063,lionel_trains_1063_transformer.htm
1065,lionel_trains_1065_diesel.htm
1066,lionel_trains_1066_diesel.htm
1073,lionel_trains_1073_transformer.htm
1101,lionel_trains_1101_loco.htm
1110,lionel_trains_1110_loco.htm
1120,lionel_trains_1120_loco.htm
1121,lionel_trains_1121_track.htm
1122,lionel_trains_1122_track.htm
1122-500,lionel_trains_1122_track.htm#1122-500
1123-20,lionel_trains_928_acc.htm#1123-20
1130,lionel_trains_1130_loco.htm
1232,lionel_trains_1232_transformer.htm
1615,lionel_trains_1615_loco.htm
1625,lionel_trains_1625_loco.htm
1640-100,lionel_trains_1640-100_acc.htm
1654,lionel_trains_1654_loco.htm
1655,lionel_trains_1655_loco.htm
1656,lionel_trains_1656_loco.htm
1665,lionel_trains_1665_loco.htm
1666,lionel_trains_1666_loco.htm
1862,lionel_trains_1862_loco.htm
1865,lionel_trains_1865_passenger_car.htm
1866,lionel_trains_1866_passenger_car.htm
1872,lionel_trains_1872_loco.htm
1875,lionel_trains_1875_passenger_car.htm
1875W,lionel_trains_1875w_passenger_car.htm
1876,lionel_trains_1876_passenger_car.htm
1877,lionel_trains_1877_flat_car.htm
1882,lionel_trains_1882_loco.htm
1885,lionel_trains_1885_passenger_car.htm
1887,lionel_trains_1887_flat_car.htm
2002,lionel_trains_2002_track.htm
2016,lionel_trains_2016_loco.htm
2018,lionel_trains_2018_loco.htm
2020,lionel_trains_2020_loco.htm
2023,lionel_trains_2023_diesel.htm
2024,lionel_trains_2024_diesel.htm
2025,lionel_trains_2025_loco.htm
2026,lionel_trains_2026_loco.htm
2028,lionel_trains_2028_diesel.htm
2029,lionel_trains_2029_loco.htm
2031,lionel_trains_2031_diesel.htm
2032,lionel_trains_2032_diesel.htm
2033,lionel_trains_2033_diesel.htm
2034,lionel_trains_2034_loco.htm
2035,lionel_trains_2035_loco.htm
2036,lionel_trains_2036_loco.htm
2037,lionel_trains_2037_loco.htm
2037-500,lionel_trains_2037-500_loco.htm
2041,lionel_trains_2041_diesel.htm
2046,lionel_trains_2046_loco.htm
2055,lionel_trains_2055_loco.htm
2056,lionel_trains_2056_loco.htm
2065,lionel_trains_2065_loco.htm
2240,lionel_trains_2240_diesel.htm
2242,lionel_trains_2242_diesel.htm
2243,lionel_trains_2243_diesel.htm
2245,lionel_trains_2245_diesel.htm
2257,lionel_trains_2257_caboose.htm
2321,lionel_trains_2321_diesel.htm
2322,lionel_trains_2322_diesel.htm
2328,lionel_trains_2328_diesel.htm
2329,lionel_trains_2329_electric.htm
2330,lionel_trains_2330_electric.htm
2331,lionel_trains_2331_diesel.htm
2332,lionel_trains_2332_electric.htm
2333-NYC,lionel_trains_2333nyc_diesel.htm
2333-SF,lionel_trains_2333_diesel.htm
2337,lionel_trains_2337_diesel.htm
2338,lionel_trains_2338_diesel.htm
2339,lionel_trains_2339_diesel.htm
2340,lionel_trains_2340_electric.htm
2341,lionel_trains_2341_diesel.htm
2343,lionel_trains_2343_diesel.htm
2343C,lionel_trains_2343c_diesel.htm
2344,lionel_trains_2344_diesel.htm
2344C,lionel_trains_2344c_diesel.htm
2345,lionel_trains_2345_diesel.htm
2346,lionel_trains_2346_diesel.htm
2347,lionel_trains_2347_diesel.htm
2348,lionel_trains_2348_diesel.htm
2349,lionel_trains_2349_diesel.htm
2350,lionel_trains_2350_electric.htm
2351,lionel_trains_2351_electric.htm
2352,lionel_trains_2352_electric.htm
2353,lionel_trains_2353_diesel.htm
2354,lionel_trains_2354_diesel.htm
2355,lionel_trains_2355_diesel.htm
2356,lionel_trains_2356_diesel.htm
2356C,lionel_trains_2356c_diesel.htm
2357,lionel_trains_2357_caboose.htm
2358,lionel_trains_2358_electric.htm
2359,lionel_trains_2359_diesel.htm
2360,lionel_trains_2360_electric.htm
2363,lionel_trains_2363_diesel.htm
2363C,lionel_trains_2363c_diesel.htm
2365,lionel_trains_2365_diesel.htm
2367,lionel_trains_2367_diesel.htm
2368,lionel_trains_2368_diesel.htm
2373,lionel_trains_2373_diesel.htm
2378,lionel_trains_2378_diesel.htm
2379,lionel_trains_2379_diesel.htm
2383,lionel_trains_2383_diesel.htm
2400,lionel_trains_2400_passenger_car.htm
2401,lionel_trains_2401_passenger_car.htm
2402,lionel_trains_2402_passenger_car.htm
2404,lionel_trains_2404_passenger_car.htm
2405,lionel_trains_2405_passenger_car.htm
2406,lionel_trains_2406_passenger_car.htm
2408,lionel_trains_2408_passenger_car.htm
2409,lionel_trains_2409_passenger_car.htm
2410,lionel_trains_2410_passenger_car.htm
2411,lionel_trains_2411_flat_car.htm
2412,lionel_trains_2412_passenger_car.htm
2414,lionel_trains_2414_passenger_car.htm
2416,lionel_trains_2416_passenger_car.htm
2419,lionel_trains_2419_caboose.htm
2420,lionel_trains_2420_caboose.htm
2421,lionel_trains_2421_passenger_car.htm
2422,lionel_trains_2422_passenger_car.htm
2423,lionel_trains_2423_passenger_car.htm
2429,lionel_trains_2429_passenger_car.htm
2430,lionel_trains_2430_passenger_car.htm
2431,lionel_trains_2431_passenger_car.htm
2432,lionel_trains_2432_passenger_car.htm
2434,lionel_trains_2434_passenger_car.htm
2435,lionel_trains_2435_passenger_car.htm
2436-Moose,lionel_trains_2436m_passenger_car.htm
2436-Summit,lionel_trains_2436s_passenger_car.htm
2440,lionel_trains_2440_passenger_car.htm
2441,lionel_trains_2441_passenger_car.htm
2442-SM,lionel_trains_2442sm_passenger_car.htm
2442,lionel_trains_2442_passenger_car.htm
2443,lionel_trains_2443_passenger_car.htm
2444,lionel_trains_2444_passenger_car.htm
2445,lionel_trains_2445_passenger_car.htm
2446,lionel_trains_2446_passenger_car.htm
2452,lionel_trains_2452_gondola_car.htm
2452X,lionel_trains_2452x_gondola_car.htm
2456,lionel_trains_2456_hopper_car.htm
2457,lionel_trains_2457_caboose.htm
2460,lionel_trains_2460_operating_car.htm
2461,lionel_trains_2461_flat_car.htm
2465,lionel_trains_2465_tank_car.htm
2472,lionel_trains_2472_caboose.htm
2481,lionel_trains_2481_passenger_car.htm
2482,lionel_trains_2482_passenger_car.htm
2483,lionel_trains_2483_passenger_car.htm
2521,lionel_trains_2521_passenger_car.htm
2522,lionel_trains_2522_passenger_car.htm
2523,lionel_trains_2523_passenger_car.htm
2530,lionel_trains_2530_passenger_car.htm
2531,lionel_trains_2531_passenger_car.htm
2532,lionel_trains_2532_passenger_car.htm
2533,lionel_trains_2533_passenger_car.htm
2534,lionel_trains_2534_passenger_car.htm
2541,lionel_trains_2541_passenger_car.htm
2542,lionel_trains_2542_passenger_car.htm
2543,lionel_trains_2543_passenger_car.htm
2544,lionel_trains_2544_passenger_car.htm
2550,lionel_trains_2550_passenger_car.htm
2551,lionel_trains_2551_passenger_car.htm
2552,lionel_trains_2552_passenger_car.htm
2553,lionel_trains_2553_passenger_car.htm
2554,lionel_trains_2554_passenger_car.htm
2555,lionel_trains_2555_tank_car.htm
2559,lionel_trains_2559_passenger_car.htm
2560,lionel_trains_2560_operating_car.htm
2561,lionel_trains_2561_passenger_car.htm
2562,lionel_trains_2562_passenger_car.htm
2563,lionel_trains_2563_passenger_car.htm
2625,lionel_trains_2625_passenger_car.htm
2627,lionel_trains_2627_passenger_car.htm
2628,lionel_trains_2628_passenger_car.htm
2755,lionel_trains_2755_tank_car.htm
2855,lionel_trains_2855_tank_car.htm
3309,lionel_trains_3309_flat_car.htm
3330,lionel_trains_3330_flat_car.htm
3349,lionel_trains_3349_flat_car.htm
3356,lionel_trains_3356_operating_car.htm
3357,lionel_trains_3357_operating_car.htm
3359,lionel_trains_3359_operating_car.htm
3360,lionel_trains_3360_burro_crane_unit.htm
3361,lionel_trains_3361_operating_car.htm
3362,lionel_trains_3362_operating_car.htm
3364,lionel_trains_3362_operating_car.htm
3366,lionel_trains_3366_operating_car.htm
3370,lionel_trains_3370_operating_car.htm
3376,lionel_trains_3376_operating_car.htm
3386,lionel_trains_3386_operating_car.htm
3409,lionel_trains_3409_flat_car.htm
3410,lionel_trains_3410_flat_car.htm
3413,lionel_trains_3413_flat_car.htm
3419,lionel_trains_3419_flat_car.htm
3424,lionel_trains_3424_operating_car.htm
3428,lionel_trains_3428_operating_car.htm
3429,lionel_trains_3429_flat_car.htm
3434,lionel_trains_3434_operating_car.htm
3435,lionel_trains_3435_operating_car.htm
3444,lionel_trains_3444_operating_car.htm
3451,lionel_trains_3451_operating_car.htm
3454,lionel_trains_3454_operating_car.htm
3456,lionel_trains_3456_operating_car.htm
3459,lionel_trains_3459_operating_car.htm
3460,lionel_trains_3460_flat_car.htm
3461,lionel_trains_3461_operating_car.htm
3462,lionel_trains_3462_operating_car.htm
3469,lionel_trains_3469_operating_car.htm
3470,lionel_trains_3470_flat_car.htm
3472,lionel_trains_3472_operating_car.htm
3474,lionel_trains_3474_operating_car.htm
3482,lionel_trains_3482_operating_car.htm
3484,lionel_trains_3484_operating_car.htm
3484-25,lionel_trains_3484-25_operating_car.htm
3494-1,lionel_trains_3494-1_operating_car.htm
3494-150,lionel_trains_3494-150_operating_car.htm
3494-275,lionel_trains_3494-275_operating_car.htm
3494-550,lionel_trains_3494-550_operating_car.htm
3494-625,lionel_trains_3494-625_operating_car.htm
3509,lionel_trains_3509_flat_car.htm
3510,lionel_trains_3510_flat_car.htm
3512,lionel_trains_3512_flat_car.htm
3519,lionel_trains_3519_flat_car.htm
3520,lionel_trains_3520_operating_car.htm
3530,lionel_trains_3530_operating_car.htm
3535,lionel_trains_3535_flat_car.htm
3540,lionel_trains_3540_flat_car.htm
3545,lionel_trains_3545_operating_car.htm
3559,lionel_trains_3559_operating_car.htm
3562-1,lionel_trains_3562_operating_car.htm
3562-25,lionel_trains_3562_operating_car.htm#3562-25
3562-50,lionel_trains_3562_operating_car.htm#3562-50
3562-75,lionel_trains_3562_operating_car.htm#3562-75
3619,lionel_trains_3619_box_car.htm
3620,lionel_trains_3620_operating_car.htm
3650,lionel_trains_3650_operating_car.htm
3656,lionel_trains_3656_operating_car.htm
3662,lionel_trains_3662_operating_car.htm
3665,lionel_trains_3665_box_car.htm
3666,lionel_trains_3666_box_car.htm
3672,lionel_trains_3672_operating_car.htm
3820,lionel_trains_3820_flat_car.htm
3830,lionel_trains_3830_flat_car.htm
3854,lionel_trains_3854_operating_car.htm
3927,lionel_trains_3927_track_cleaning_car.htm
3927-75,lionel_trains_3927-75_acc.htm
4357,lionel_trains_4357_caboose.htm
4452,lionel_trains_4452_gondola_car.htm
4457,lionel_trains_4457_caboose.htm
5459,lionel_trains_5459_operating_car.htm
6002,lionel_trains_6002_gondola_car.htm
6007,lionel_trains_6007_caboose.htm
6009,lionel_trains_6009_track.htm
6012,lionel_trains_6012_gondola_car.htm
6014-Bosco,lionel_trains_6014bos_box_car.htm
6014-Chun,lionel_trains_6014chk_box_car.htm
6014-60,lionel_trains_6014-60_box_car.htm
6014-85,lionel_trains_6014-85_box_car.htm
6014-85 (1969),lionel_trains_6014-85f_box_car.htm
6014-100,lionel_trains_6014-100_box_car.htm
6014-150,lionel_trains_6014-150_box_car.htm
6014-335,lionel_trains_6014-335_box_car.htm
6015,lionel_trains_6015_tank_car.htm
6017-L,lionel_trains_6017l_caboose.htm
6017-LL,lionel_trains_6017ll_caboose.htm
6017-TTOS,lionel_trains_6017-1968_ttos_caboose.htm
6017-50,lionel_trains_6017-50_caboose.htm
6017-85,lionel_trains_6017-85_caboose.htm
6017-100,lionel_trains_6017-100_caboose.htm
6017-185,lionel_trains_6017-185_caboose.htm
6017-200,lionel_trains_6017-200_caboose.htm
6017-235,lionel_trains_6017-235_caboose.htm
6019,lionel_trains_6019_track.htm
6024-RCA,lionel_trains_6024rca_box_car.htm
6024-Shred,lionel_trains_6024shr_box_car.htm
6025,lionel_trains_6025_tank_car.htm
6027,lionel_trains_6027_caboose.htm
6029,lionel_trains_6029_track.htm
6032,lionel_trains_6032_gondola_car.htm
6035,lionel_trains_6035_tank_car.htm
6037,lionel_trains_6037_caboose.htm
6042,lionel_trains_6042_gondola_car.htm
6042-75,lionel_trains_6042_gondola_car.htm
6042-250,lionel_trains_6042-250_gondola_car.htm
6044,lionel_trains_6044_box_car.htm
6044-1X,lionel_trains_6044-1x_box_car.htm
6045-LL,lionel_trains_6045_tank_car.htm
6045-Cities,lionel_trains_6045_cities_tank_car.htm
6047,lionel_trains_6047_caboose.htm
6050-Libby’s,lionel_trains_6050lib_box_car.htm
6050-LSB,lionel_trains_6050_box_car.htm
6050-Swift,lionel_trains_6050swift_box_car.htm
6057,lionel_trains_6057_caboose.htm
6057-50,lionel_trains_6057-50_caboose.htm
6058,lionel_trains_6058_caboose.htm
6059,lionel_trains_6059_caboose.htm
6062,lionel_trains_6062_gondola_car.htm
6067,lionel_trains_6067_caboose.htm
6076,lionel_trains_6076_hopper_car.htm
6076-75,lionel_trains_6076_hopper_car.htm
6076-100,lionel_trains_6076_hopper_car.htm
6076-ATSF,lionel_trains_6076atsf_hopper_car.htm
6110,lionel_trains_6110_loco.htm
6111,lionel_trains_6111_flat_car.htm
6112,lionel_trains_6112_gondola_car.htm
6119,lionel_trains_6119_caboose.htm
6119-25,lionel_trains_6119-25_caboose.htm
6119-50,lionel_trains_6119-50_caboose.htm
6119-75,lionel_trains_6119-75_caboose.htm
6119-100,lionel_trains_6119-100_caboose.htm
6119-125,lionel_trains_6119-125_caboose.htm
6120,lionel_trains_6120_caboose.htm
6121,lionel_trains_6121_flat_car.htm
6130,lionel_trains_6130_caboose.htm
6142,lionel_trains_6142_gondola_car.htm
6149,lionel_trains_6149_track.htm
6151,lionel_trains_6151_flat_car.htm
6162,lionel_trains_6162_gondola_car.htm
6162-60,lionel_trains_6162-60_gondola_car.htm
6162-110,lionel_trains_6162_gondola_car.htm
6167,lionel_trains_6167_caboose.htm
6167,lionel_trains_6167u_caboose.htm
6167-85,lionel_trains_6167-85_caboose.htm
6167-1967,lionel_trains_6167-1967_ttos_hopper_car.htm
6175,lionel_trains_6175_flat_car.htm
6176-50,lionel_trains_6176-6k_hopper_car.htm
6176-75,lionel_trains_6176-6d_hopper_car.htm
6176-100,lionel_trains_6176-100_hopper_car.htm
6219,lionel_trains_6219_caboose.htm
6220,lionel_trains_6220_diesel.htm
6250,lionel_trains_6250_diesel.htm
6257,lionel_trains_6257_caboose.htm
6257-25,lionel_trains_6257_caboose.htm#TYPE2
6257-50,lionel_trains_6257_caboose.htm#TYPE3
6257-100,lionel_trains_6257_caboose.htm#TYPE4
6257-TTOS,lionel_trains_6257_ttos_caboose.htm
6262,lionel_trains_6262_flat_car.htm
6264,lionel_trains_6264_flat_car.htm
6311,lionel_trains_6311_flat_car.htm
6315-GULF,lionel_trains_6315_tank_car.htm
6315-LL,lionel_trains_6315_ll_tank_car.htm
6342,lionel_trains_6342_operating_car.htm
6343,lionel_trains_6343_flat_car.htm
6346,lionel_trains_6346_hopper_car.htm
6352,lionel_trains_6352_operating_car.htm
6356,lionel_trains_6356_cattle_car.htm
6357,lionel_trains_6357_caboose.htm
6357-50,lionel_trains_6357-50_caboose.htm
6361,lionel_trains_6361_flat_car.htm
6362,lionel_trains_6362_flat_car.htm
6376,lionel_trains_6376_cattle_car.htm
6401,lionel_trains_6401_flat_car.htm
6402,lionel_trains_6402_flat_car.htm
6404,lionel_trains_6404_flat_car.htm
6405,lionel_trains_6405_flat_car.htm
6406,lionel_trains_6406_flat_car.htm
6407,lionel_trains_6407_flat_car.htm
6408,lionel_trains_6408_flat_car.htm
6409,lionel_trains_6409_flat_car.htm
6411,lionel_trains_6411_flat_car.htm
6413,lionel_trains_6413_flat_car.htm
6414,lionel_trains_6414_flat_car.htm
6415,lionel_trains_6415_tank_car.htm
6416,lionel_trains_6416_flat_car.htm
6417,lionel_trains_6417_caboose.htm
6417-25,lionel_trains_6417-25_caboose.htm
6417-50,lionel_trains_6417-50_caboose.htm
6418,lionel_trains_6418_flat_car.htm
6419,lionel_trains_6419_caboose.htm
6419-25,lionel_trains_6419-25_caboose.htm
6419-50,lionel_trains_6419-50_caboose.htm
6419-75,lionel_trains_6419-75_caboose.htm
6419-100,lionel_trains_6419-100_caboose.htm
6420,lionel_trains_6420_caboose.htm
6424,lionel_trains_6424_flat_car.htm
6425,lionel_trains_6425_tank_car.htm
6427,lionel_trains_6427_caboose.htm
6427-60,lionel_trains_6427-60_caboose.htm
6427-500,lionel_trains_6427-500_caboose.htm
6428,lionel_trains_6428_box_car.htm
6429,lionel_trains_6429_caboose.htm
6430,lionel_trains_6430_flat_car.htm
6431,lionel_trains_6431_flat_car.htm
6434,lionel_trains_6434_cattle_car.htm
6436-1,lionel_trains_6436-1_hopper_car.htm
6436-25,lionel_trains_6436-25_hopper_car.htm
6436-110,lionel_trains_6436-110_hopper_car.htm
6436-500,lionel_trains_6436-500_hopper_car.htm
6436-1969,lionel_trains_6436-1969_hopper_car.htm
6437,lionel_trains_6437_caboose.htm
6440,lionel_trains_6440_flat_car.htm
6440-SM,lionel_trains_6440_passenger_car.htm
6441,lionel_trains_6441_passenger_car.htm
6442,lionel_trains_6442_passenger_car.htm
6443,lionel_trains_6443_passenger_car.htm
6445,lionel_trains_6445_box_car.htm
6446,lionel_trains_6446_hopper_car.htm
6446-25,lionel_trains_6446-25_hopper_car.htm
6446-60,lionel_trains_6446-60_hopper_car.htm
6447,lionel_trains_6447_caboose.htm
6448,lionel_trains_6448_box_car.htm
6452,lionel_trains_6452_gondola_car.htm
6456,lionelcarhop.htm#6456PROD
6456-10,lionel_trains_6456-1d_hopper_car.htm
6456-25,lionel_trains_6456-3h_hopper_car.htm
6456-55-I,lionel_trains_6456-1f_hopper_car.htm
6456-55-III,lionel_trains_6456-3e_hopper_car.htm
6456-75,lionel_trains_6456-3f_hopper_car.htm
6457,lionel_trains_6457_caboose.htm
6457-25,lionel_trains_6457_caboose.htm
6460,lionel_trains_6460_operating_car.htm
6460-25,lionel_trains_6460-25_operating_car.htm
6461,lionel_trains_6461_flat_car.htm
6462,lionelcargon.htm#6462PROD
6462-25,lionel_trains_6462-25_gondola_car.htm
6462-75,lionel_trains_6462p_gondola_car.htm
6462-100,lionel_trains_6462o_gondola_car.htm
6462-125,lionel_trains_6462-125_gondola_car.htm
6462-500,lionel_trains_6462-500_gondola_car.htm
6463,lionel_trains_6463_tank_car.htm
6464-000,lionel_trains_6464-1967_box_car.htm
6464-1,lionel_trains_6464-1_box_car.htm
6464-25,lionel_trains_6464-25_box_car.htm
6464-50,lionel_trains_6464-50_box_car.htm
6464-75,lionel_trains_6464-75_box_car.htm
6464-100,lionel_trains_6464-100_box_car.htm
6464-125,lionel_trains_6464-125_box_car.htm
6464-150,lionel_trains_6464-150_box_car.htm
6464-175,lionel_trains_6464-175_box_car.htm
6464-200,lionel_trains_6464-200_box_car.htm
6464-225,lionel_trains_6464-225_box_car.htm
6464-250,lionel_trains_6464-250_box_car.htm
6464-275,lionel_trains_6464-275_box_car.htm
6464-300,lionel_trains_6464-300_box_car.htm
6464-325,lionel_trains_6464-325_box_car.htm
6464-350,lionel_trains_6464-350_box_car.htm
6464-375,lionel_trains_6464-375_box_car.htm
6464-400,lionel_trains_6464-400_box_car.htm
6464-425,lionel_trains_6464-425_box_car.htm
6464-450,lionel_trains_6464-450_box_car.htm
6464-475,lionel_trains_6464-475_box_car.htm
6464-500,lionel_trains_6464-500_box_car.htm
6464-510,lionel_trains_6464-510_box_car.htm
6464-515,lionel_trains_6464-515_box_car.htm
6464-525,lionel_trains_6464-525_box_car.htm
6464-650,lionel_trains_6464-650_box_car.htm
6464-700,lionel_trains_6464-700_box_car.htm
6464-725,lionel_trains_6464-725_box_car.htm
6464-825,lionel_trains_6464-825_box_car.htm
6464-900,lionel_trains_6464-900_box_car.htm
6464-1965,lionel_trains_6464-1965_box_car.htm
6464-1967,lionel_trains_6464-1967_box_car.htm
6465-Cities,lionel_trains_6465_cities_tank_car.htm
6465-Gulf,lionel_trains_6465_gulf_tank_car.htm
6465-LL,lionel_trains_6465_lionel_lines_tank_car.htm
6465-Sunoco,lionel_trains_6465_sunoco_tank_car.htm
6467,lionel_trains_6467_flat_car.htm
6468,lionel_trains_6468_box_car.htm
6468-25,lionel_trains_6468-25_box_car.htm
6469,lionel_trains_6469_flat_car.htm
6470,lionel_trains_6470_box_car.htm
6472,lionel_trains_6472_refrigerator_car.htm
6473,lionel_trains_6473_operating_car.htm
6475-Pickles,lionel_trains_6475_vat_car.htm
6475-Libby’s,lionel_trains_6475lib_vat_car.htm
6476,lionelcarhop.htm#6456PROD
6476-1,lionel_trains_6476-1_hopper_car.htm
6476-9,lionel_trains_6476-6e_hopper_car.htm
6476-25,lionel_trains_6476-25_hopper_car.htm
6476-50,lionel_trains_6476-5c_hopper_car.htm
6476-60,lionel_trains_6476-5b_hopper_car.htm
6476-75,lionel_trains_6476-75_hopper_car.htm
6476-135,lionel_trains_6476-135_hopper_car.htm
6476-160,lionel_trains_6476-160_hopper_car.htm
6477,lionel_trains_6477_flat_car.htm
6480,lionel_trains_6480_box_car.htm
6482,lionel_trains_6482_refrigerator_car.htm
6500,lionel_trains_6500_flat_car.htm
6501,lionel_trains_6501_flat_car.htm
6502,lionel_trains_6502_flat_car.htm
6511,lionel_trains_6511_flat_car.htm
6512,lionel_trains_6512_flat_car.htm
6517,lionel_trains_6517_caboose.htm
6517-75,lionel_trains_6517-75_caboose.htm
6517-1966,lionel_trains_6517-1966_caboose.htm
6518,lionel_trains_6518_flat_car.htm
6519,lionel_trains_6519_flat_car.htm
6520,lionel_trains_6520_operating_car.htm
6530,lionel_trains_6530_box_car.htm
6536,lionel_trains_6536_hopper_car.htm
6544,lionel_trains_6544_flat_car.htm
6555,lionel_trains_6555_tank_car.htm
6556,lionel_trains_6556_cattle_car.htm
6557,lionel_trains_6557_caboose.htm
6560,lionel_trains_6560_operating_car.htm
6560-25,lionel_trains_6560-25_operating_car.htm
6561,lionel_trains_6561_flat_car.htm
6562-1,lionel_trains_6562_gondola_car.htm
6562-25,lionel_trains_6562_gondola_car.htm
6562-50,lionel_trains_6562_gondola_car.htm
6572,lionel_trains_6572_refrigerator_car.htm
6630,lionel_trains_6630_flat_car.htm
6636,lionel_trains_6636_hopper_car.htm
6640,lionel_trains_6640_flat_car.htm
6646,lionel_trains_6646_cattle_car.htm
6650,lionel_trains_6650_flat_car.htm
6651,lionel_trains_6651_flat_car.htm
6656,lionel_trains_6656_cattle_car.htm
6657,lionel_trains_6657_caboose.htm
6660,lionel_trains_6660_flat_car.htm
6670,lionel_trains_6670_flat_car.htm
6672,lionel_trains_6672_refrigerator_car.htm
6736,lionel_trains_6736_hopper_car.htm
6800,lionel_trains_6800_flat_car.htm
6801,lionel_trains_6801_flat_car.htm
6802,lionel_trains_6802_flat_car.htm
6803,lionel_trains_6803_flat_car.htm
6804,lionel_trains_6804_flat_car.htm
6805,lionel_trains_6805_flat_car.htm
6806,lionel_trains_6806_flat_car.htm
6807,lionel_trains_6807_flat_car.htm
6808,lionel_trains_6808_flat_car.htm
6809,lionel_trains_6809_flat_car.htm
6810,lionel_trains_6810_flat_car.htm
6812,lionel_trains_6812_flat_car.htm
6814,lionel_trains_6814_caboose.htm
6816,lionel_trains_6816_flat_car.htm
6817,lionel_trains_6817_flat_car.htm
6818,lionel_trains_6818_flat_car.htm
6819,lionel_trains_6819_flat_car.htm
6820,lionel_trains_6820_flat_car.htm
6821,lionel_trains_6821_flat_car.htm
6822,lionel_trains_6822_operating_car.htm
6823,lionel_trains_6823_flat_car.htm
6824,lionel_trains_6824_caboose.htm
6825,lionel_trains_6825_flat_car.htm
6826,lionel_trains_6826_flat_car.htm
6827,lionel_trains_6827_flat_car.htm
6828,lionel_trains_6828_flat_car.htm
6830,lionel_trains_6830_flat_car.htm
6844,lionel_trains_6844_flat_car.htm
A,lionel_trains_a_transformer.htm
A220,lionel_trains_a220_transformer.htm
B310,lionel_trains_b310_acc.htm
B909,lionel_trains_b909_acc.htm
B5159,lionel_trains_b5159_acc.htm
CO-1,lionel_trains_co-1_track.htm
CTC,lionel_trains_ctc_track.htm
ECU-1,lionel_trains_ecu_transmitter.htm
KW,lionel_trains_kw_transformer.htm
LTC,lionel_trains_ltc_track.htm
LW,lionel_trains_lw_transformer.htm
OTC,lionel_trains_otc_track.htm
Q,lionel_trains_q_transformer.htm
R,lionel_trains_r_transformer.htm
RCS,lionel_trains_rcs_track.htm
RW,lionel_trains_rw_transformer.htm
RWM,lionel_trains_rwm_transformer.htm
S,lionel_trains_s_transformer.htm
SP,lionel_trains_sp_acc.htm
SW,lionel_trains_sw_transformer.htm
TW,lionel_trains_tw_transformer.htm
UCS,lionel_trains_ucs_track.htm
UTC,lionel_trains_utc_track.htm
V,lionel_trains_v_transformer.htm
VW,lionel_trains_vw_transformer.htm
X1004,lionel_trains_x1004_box_car.htm
X2454-BR,lionel_trains_x2454br_box_car.htm
X2454-PENN,lionel_trains_x2454_box_car.htm
X2458,lionel_trains_x2458_box_car.htm
X2758,lionel_trains_x2758_box_car.htm
X3464-ATSF,lionel_trains_3464atsf_operating_car.htm
X3464-NYC,lionel_trains_3464nyc_operating_car.htm
X4454,lionel_trains_x4454_box_car.htm
X6004,lionel_trains_x6004_box_car.htm
X6014,lionel_trains_x6014_box_car.htm
X6034,lionel_trains_x6034_box_car.htm
X6454,lionelcarbox.htm#6454PRODTABLE
Z,lionel_trains_z_transformer.htm
ZW,lionel_trains_zw_transformer.htm
,#TOPLIST
,#BOTTOM
,#TOPLIST
,#BOTTOM
Lionel Trains Identification Guide,lionelident.htm
Lionel Locomotives,lionellocomotives.htm
Lionel Tenders,lioneltenders.htm
Lionel Diesels,lioneldiesels.htm
Lionel Electric Engines,lionelelectrics.htm
Lionel Small Motorized Units,lionelsmlunits.htm
Lionel Accessories,lionel_trains_accessories.htm
Lionel Rolling Stock Identification Guide,lionelidentcars.htm
Lionel Track,lioneltrack.htm
Lionel Transformers,lioneltransformers.htm
Home,../index.htm
Privacy,../privacy/tandemprivacy.htm
Legal,../legal/tandemlegal.htm
Search,../search.htm
Site Map,../site_map.htm
Contact,mailto:tandem@tandem-associates.com
,#TOP
Lionel Trains Identification Guide,lionelident.htm
Lionel Locomotives,lionellocomotives.htm
Lionel Tenders,lioneltenders.htm
Lionel Diesels,lioneldiesels.htm
Lionel Electric Engines,lionelelectrics.htm
Lionel Small Motorized Units,lionelsmlunits.htm
Lionel Accessories,lionel_trains_accessories.htm
Lionel Rolling Stock Identification Guide,lionelidentcars.htm
Lionel Track,lioneltrack.htm
Lionel Transformers,lioneltransformers.htm
