6456 Lehigh Valley Maroon Type I Hopper Car,6456 Type I,Lehigh Valley Maroon Type I Hopper Car,pictures/carhop6456-If_ident.gif
6456 Lehigh Valley Gray Type III Hopper Car,6456 Type III,Lehigh Valley Gray Type III Hopper Car,pictures/carhop6456-IIIh_ident.gif
6346 Alcoa Quad Hopper,6346,Alcoa Quad Hopper,pictures/carhop6346_ident.gif
020X ,020X,45° Crossing Variation A,pictures/track020xa_ident.gif
022 Right Hand Remote Controled Switch,022,Right Hand Remote Controled Switch,pictures/track022rh_ident.gif
025 Track Bumper,025,Track Bumper,pictures/acc025_ident.gif
26 Track Bumper,26,Track Bumper,pictures/acc26a_ident.gif
26 Track Bumper,26,Track Bumper,pictures/acc26b_ident.gif
30 Water Tank,30,Water Tank,pictures/acc30e_ident.gif
35 Boulevard Lamp,35,Boulevard Lamp,pictures/acc035b_ident.gif
36 Operating Car Remote Control Set,36,Operating Car Remote Control Set,pictures/track36_ident.gif
38 Water Tank,38,Water Tank,pictures/acc38b_ident.gif
38 Super-O Accessory Adapter Track,38,Super-O Accessory Adapter Track,pictures/track38_ident.gif
41 ,41,,pictures/smu41_ident.gif
43 Super-O Power Track,43,Super-O Power Track,pictures/track43_ident.gif
45N Automatic Gateman,45N,Automatic Gateman,pictures/acc45ne_ident.gif
50 Gang Car,50,Gang Car,pictures/smu50c_ident.gif
52 Fire Car,52,Fire Car,pictures/unit52_ident.gif
53 The Rio Grande Snow Plow,53,The Rio Grande Snow Plow,pictures/unit53a_ident.gif
53 The Rio Grande Snow Plow,53,The Rio Grande Snow Plow,pictures/unit53b_ident.gif
54 ,54,Ballast Tamper,pictures/unit54_ident.gif
57 AEC Vulcan Unit,57,AEC Vulcan Unit,pictures/unit57_ident.gif
58 Goose Neck Lamp Post,58,Goose Neck Lamp Post,pictures/acc58_ident.gif
58 The Great Northern Snow Blower,58,The Great Northern Snow Blower,pictures/unit58_ident.gif
59 The United States Air Force Minuteman Unit,59,The United States Air Force Minuteman Unit,pictures/unit59_ident.gif
60 ville Trolley,60,ville Trolley,pictures/unit60_ident.gif
65 Handcar,65,Handcar,pictures/unit65_ident.gif
69 ,69,,pictures/unit69_ident.gif
70 Yard Light,70,Yard Light,pictures/acc70_ident.gif
71 Lamp Post,71,Lamp Post,pictures/acc71_ident.gif
75 Goose Neck Lamps,75,Goose Neck Lamps,pictures/acc75_ident.jpg
76 Lamp Post,76,Lamp Post,pictures/acc76a_ident.gif
76 Lamp Post,76,Lamp Post,pictures/acc76b_ident.gif
92 Circuit Breaker Controller,92,Circuit Breaker Controller,pictures/acc92_ident.gif
93 Water Tower,93,Water Tower,pictures/acc93_ident.gif
97 ,97,,pictures/acc97_ident.gif
111 Elevated Trestle Set,111,Elevated Trestle Set,pictures/acc111_ident.gif
112 Remote Control Switches,112,Remote Control Switches,pictures/track112_ident.gif
114 Newsstand with Horn,114,Newsstand with Horn,pictures/acc114_ident.gif
115 City Station,115,City Station,pictures/acc115_ident.gif
118 Newsstand with Whistle,118,Newsstand with Whistle,pictures/acc118_ident.gif
121 ,121,,pictures/acc121_ident.gif
123 Lamp Assortment,123,Lamp Assortment,pictures/acc123_ident.gif
125 Whistle Station,125,Whistle Station,pictures/acc125d_ident.gif
128 Animated News Stand,128,Animated News Stand,pictures/acc128_ident.gif
132 Passenger Station,132,Passenger Station,pictures/acc132_ident.gif
133 Passenger Station,133,Passenger Station,pictures/acc133_ident.gif
138 Water Tank,138,Water Tank,pictures/acc138a_ident.gif
138 Water Tank,138,Water Tank,pictures/acc138b_ident.gif
140 Banjo Signal,140,Banjo Signal,pictures/acc140_ident.gif
B140 Variation C:,B140,Variation C:,pictures/accb140_ident.jpg
142 Super-O Manual Control Switches,142,Super-O Manual Control Switches,pictures/track142_ident.gif
147 Whistle Controller,147,Whistle Controller,pictures/acc147_ident.gif
150 Telegraph Pole Set,150,Telegraph Pole Set,pictures/acc150_ident.gif
151 Semaphore Signal,151,Semaphore Signal,pictures/acc151_ident.gif
152 Automatic Crossing Gate,152,Automatic Crossing Gate,pictures/acc152_ident.gif
153 Block Signal,153,Block Signal,pictures/acc153_ident.gif
154 ,154,,pictures/acc154d_ident.gif
154 ,154,,pictures/accb154_ident.jpg
155 Blinking Signal with Bell,155,Blinking Signal with Bell,pictures/acc155a_ident.gif
156 Station Platform,156,Station Platform,pictures/acc156_ident.gif
157 Station Platform,157,Station Platform,pictures/acc157b_ident.gif
160 Unloading Bin,160,Unloading Bin,pictures/acc160a_ident.gif
160 Unloading Bin,160,Unloading Bin,pictures/acc160e_ident.gif
161 Mail Pickup Set,161,Mail Pickup Set,pictures/acc161_ident.gif
163 Single Target Block Signal,163,Single Target Block Signal,pictures/acc163_ident.gif
164 Log Loader,164,Log Loader,pictures/acc164_ident.gif
167 Whistle Controller,167,Whistle Controller,pictures/acc167_ident.gif
175 Rocket Launching Pad,175,Rocket Launching Pad,pictures/acc175_ident.gif
192 Operating Control Tower,192,Operating Control Tower,pictures/acc192_ident.gif
193 Water Tower,193,Water Tower,pictures/acc193a_ident.gif
199 Microwave Relay Tower,199,Microwave Relay Tower,pictures/acc199_ident.gif
206 Bakelite Coal,206,Bakelite Coal,pictures/acc206_ident.gif
214 Plate Girder Bridge,214,Plate Girder Bridge,pictures/acc214a_ident.gif
252 Crossing Gate,252,Crossing Gate,pictures/acc252a_ident.gif
253 Block Control Signal,253,Block Control Signal,pictures/acc253_ident.gif
256 Freight Station,256,Freight Station,pictures/acc256a_ident.gif
260 Track Bumper,260,Track Bumper,pictures/acc260a_ident.gif
260 Track Bumper,260,Track Bumper,pictures/acc260c_ident.gif
262 Highway Crossing Gate,262,Highway Crossing Gate,pictures/acc262c_ident.gif
B262 Variation B:,B262,Variation B:,pictures/accb262_ident.jpg
282 Gantry Crane,282,Gantry Crane,pictures/acc282a_ident.gif
299 Code Transmitter Beacon Set,299,Code Transmitter Beacon Set,pictures/acc299_ident.gif
308 Railroad Sign Set,308,Railroad Sign Set,pictures/acc308_ident.gif
310 Billboard Set,310,Billboard Set,pictures/acc310_ident.gif
313 Bascule Bridge,313,Bascule Bridge,pictures/acc313a_ident.gif
314 Plate Girder Bridge,314,Plate Girder Bridge,pictures/acc314b_ident.gif
315 Lighted Trestle Bridge,315,Lighted Trestle Bridge,pictures/acc315_ident.gif
316 Trestle Bridge,316,Trestle Bridge,pictures/acc316a_ident.gif
317 Trestle Bridge,317,Trestle Bridge,pictures/acc317_ident.gif
334 Operating Dispatching Board,334,Operating Dispatching Board,pictures/acc334_ident.gif
342 Culvert Loading Station,342,Culvert Loading Station,pictures/acc342_ident.gif
345 Culvert Unloading Station,345,Culvert Unloading Station,pictures/acc345_ident.gif
346 Culvert Unloading Station,346,Culvert Unloading Station,pictures/acc346_ident.gif
348 Culvert Unloading Station,348,Culvert Unloading Station,pictures/acc348_ident.gif
350 Engine Transfer Table,350,Engine Transfer Table,pictures/acc350_ident.gif
356 Operating Freight Station,356,Operating Freight Station,pictures/acc356c_ident.gif
362 Barrel Loader,362,Barrel Loader,pictures/acc362_ident.gif
364 Conveyor Log Loader,364,Conveyor Log Loader,pictures/acc364b_ident.gif
365 Dispatching Station,365,Dispatching Station,pictures/acc365b_ident.gif
395 Floodlight Tower,395,Floodlight Tower,pictures/acc395e_ident.gif
395 ,395,,pictures/acc395a_ident.gif
397 Coal Loader,397,Coal Loader,pictures/acc397_ident.gif
410 Billboard Blinker,410,Billboard Blinker,pictures/acc410_ident.gif
413 Countdown Control Panel,413,Countdown Control Panel,pictures/acc413_ident.gif
415 Diesel Fueling Station,415,Diesel Fueling Station,pictures/acc415_ident.gif
419 Heliport Control Tower,419,Heliport Control Tower,pictures/acc419_ident.gif
443 Missle Launching Platform,443,Missle Launching Platform,pictures/acc443_ident.gif
445 Switch Tower,445,Switch Tower,pictures/acc445_ident.gif
452 Gantry Signal Bridge,452,Gantry Signal Bridge,pictures/acc452_ident.gif
455 Oil Derrick,455,Oil Derrick,pictures/acc455b_ident.gif
456 Coal Ramp,456,Coal Ramp,pictures/acc456b_ident.gif
460 Piggyback Transport Loader,460,Piggyback Transport Loader,pictures/acc460_ident.gif
462 ,462,,pictures/acc462_ident.gif
464 Operating Lumber Mill,464,Operating Lumber Mill,pictures/acc464_ident.gif
465 Sound Dispatching Station,465,Sound Dispatching Station,pictures/acc465_ident.gif
470 Missle Launching Platform,470,Missle Launching Platform,pictures/acc470_ident.gif
494 Rotary Beacon,494,Rotary Beacon,pictures/acc494a_ident.gif
617 Santa Fe NW-2 Diesel Switcher,617,Santa Fe NW-2 Diesel Switcher,pictures/diesel617a_ident.gif
638-2361 Van Camp's Pork &amp; Beans,638-2361,Van Camp's Pork &amp; Beans,pictures/carbox638--2361a_ident.gif
760 Tubular Track Outfit,760,Tubular Track Outfit,pictures/track760_ident.gif
908 Railroad Station with Ramp and Underpass,908,Railroad Station with Ramp and Underpass,pictures/acc908_ident.gif
909 Smoke Fluid,909,Smoke Fluid,pictures/acc909_ident.gif
910 Submarine Base with Ramp and Trestle Bridge,910,Submarine Base with Ramp and Trestle Bridge,pictures/acc910_ident.gif
919 Artificial Grass,919,Artificial Grass,pictures/acc919_ident.gif
920-2 Tunnel Portal Set,920-2,Tunnel Portal Set,pictures/acc920-2_ident.gif
943 Ammunition Dump,943,Ammunition Dump,pictures/acc943_ident.gif
950 Lionel U.S. Railroad Map,950,Lionel U.S. Railroad Map,pictures/acc950_ident.jpg
 Contents of Firehouse Set in Box,,Contents of Firehouse Set in Box,pictures/acc966_ident.gif
970 Ticket Booth,970,Ticket Booth,pictures/acc970_ident.gif
972 Landscape Tree Assortment,972,Landscape Tree Assortment,pictures/acc972_ident.gif
973 ,973,,pictures/acc973_ident.jpg
1002 Gondola,1002,Gondola,pictures/cargon1002a_ident.gif
1005 The Sunoco Single Dome Scout Car,1005,The Sunoco Single Dome Scout Car,pictures/cartank_1-1005_ident.gif
 Lines 1007 SP Type Caboose,,Lines 1007 SP Type Caboose,pictures/carcab1007_ident.gif
1022 ,1022,,pictures/track1022_ident.gif
1122 Left Hand Remote Controled Switch,1122,Left Hand Remote Controled Switch,pictures/track1122l_ident.gif
1122 Right Hand Remote Controled Switch,1122,Right Hand Remote Controled Switch,pictures/track1122r_ident.gif
1877 Horse Car,1877,Horse Car,pictures/carflat1877_ident.gif
1887 Horse Car,1887,Horse Car,pictures/carflat1887_ident.gif
2028 Pennsylvania GP-7,2028,Pennsylvania GP-7,pictures/diesel2028b_ident.gif
2257 SP Caboose,2257,SP Caboose,pictures/carcab2257a_ident.gif
2257 SP Caboose,2257,SP Caboose,pictures/carcab2257c_ident.gif
2328 Burlington GP-7,2328,Burlington GP-7,pictures/diesel2328_ident.gif
2357 SP Caboose,2357,SP Caboose,pictures/carcab2357a_ident.gif
2357 SP Caboose,2357,SP Caboose,pictures/carcab2357b_ident.gif
2420 D.L. &amp; W.,2420,D.L. &amp; W.,pictures/carcab2420b_ident.gif
2420 D.L. &amp; W.,2420,D.L. &amp; W.,pictures/carcab2420d_ident.gif
2452 Gondola,2452,Gondola,pictures/cargon2452j_ident.gif
2452X Gondola,2452X,Gondola,pictures/cargon2452xd_ident.gif
2457 Pennsylvania N5 Type,2457,Pennsylvania N5 Type,pictures/carcab2457e_ident.gif
2461 Depressed Center Transformer Flat Car,2461,Depressed Center Transformer Flat Car,pictures/carflat2461b_ident.gif
2465 Sunoco 2-Dome Tank Car,2465,Sunoco 2-Dome Tank Car,pictures/cartank2465d_ident.gif
2472 Pennsylvania N5 Type,2472,Pennsylvania N5 Type,pictures/carcab2472a_ident.gif
2555 Sunoco Metal Single Dome Tank Car,2555,Sunoco Metal Single Dome Tank Car,pictures/cartank2555b_ident.gif
2755 Sunoco Metal Single Dome Tank Car,2755,Sunoco Metal Single Dome Tank Car,pictures/cartank2755b_ident.gif
2855 Sunoco Metal Single Dome Tank Car,2855,Sunoco Metal Single Dome Tank Car,pictures/cartank2855a_ident.gif
3309 The Turbo Missile Lauching Car,3309,The Turbo Missile Lauching Car,pictures/carmil3309_ident.gif
3330 U.S. Navy Submarine Car,3330,U.S. Navy Submarine Car,pictures/carmil3330_ident.gif
3349 The Turbo Missile Lauching Car,3349,The Turbo Missile Lauching Car,pictures/carmil3349_ident.gif
3356 Operating Horse Car,3356,Operating Horse Car,pictures/carop3356a_ident.gif
3357 Cop and Hobo Car,3357,Cop and Hobo Car,pictures/carop3357a_ident.gif
3359 Operating Twin Dump Coal Car,3359,Operating Twin Dump Coal Car,pictures/carop3359_ident.gif
 The Burro Crane's Movement Illustrated,,The Burro Crane's Movement Illustrated,pictures/unit3360_ident.gif
3361 Operating Log Unloading Car,3361,Operating Log Unloading Car,pictures/carop3361a_ident.gif
3361 Operating Log Unloading Car,3361,Operating Log Unloading Car,pictures/carop3361d_ident.gif
3362 Operating Helium Dump Car,3362,Operating Helium Dump Car,pictures/carop3362a_ident.gif
3362 Operating Helium Dump Car,3362,Operating Helium Dump Car,pictures/carop3362c_ident.gif
3370 Operating Sheriff &amp; Outlaw Car,3370,Operating Sheriff &amp; Outlaw Car,pictures/carop3370_ident.gif
3386 Operating Bronx Zoo Car,3386,Operating Bronx Zoo Car,pictures/carop3386_ident.gif
3409 The Helicopter Launching Flat Car,3409,The Helicopter Launching Flat Car,pictures/carmil3409_ident.gif
3410 The Helicopter Launch Car,3410,The Helicopter Launch Car,pictures/carmil3410_ident.gif
3413 The Mercury Capsule Launching Car,3413,The Mercury Capsule Launching Car,pictures/carmil3413_ident.gif
3419 The Helicopter Launching Car,3419,The Helicopter Launching Car,pictures/carmil3419a_ident.gif
3419 The Helicopter Launching Car,3419,The Helicopter Launching Car,pictures/carmil3419c_ident.gif
3419 Helicopter Launching Car,3419,Helicopter Launching Car,pictures/carmil3419d_ident.gif
3424 Operating Brakeman Car,3424,Operating Brakeman Car,pictures/carop3424a_ident.gif
3424 Operating Brakeman Car,3424,Operating Brakeman Car,pictures/carop3424b_ident.gif
3428 United States Mail Operating Car,3428,United States Mail Operating Car,pictures/carop3428_ident.gif
3434 Operating Poultry Dispatch Car,3434,Operating Poultry Dispatch Car,pictures/carop3434b_ident.gif
1' Variation B showing the 'Tank,1',Variation B showing the 'Tank,pictures/carop3435b_ident.jpg
3451 Operating Log Unloading Car,3451,Operating Log Unloading Car,pictures/carop3451a_ident.gif
3454 Automatic Merchandise Box Car,3454,Automatic Merchandise Box Car,pictures/carop3454c_ident.gif
3454 Automatic Merchandise Box Car,3454,Automatic Merchandise Box Car,pictures/carop3454b_ident.gif
3456 Coal Unloading Car,3456,Coal Unloading Car,pictures/carop3456a_ident.gif
3459 Operating Coal Unloading Car,3459,Operating Coal Unloading Car,pictures/carop3459a_ident.gif
3459 Operating Coal Unloading Car,3459,Operating Coal Unloading Car,pictures/carop3459b_ident.gif
3460 Trailer Car,3460,Trailer Car,pictures/carflat3460_ident.gif
3461 Operating Log Unloading Car,3461,Operating Log Unloading Car,pictures/carop3461b_ident.gif
3461 Operating Log Unloading Car,3461,Operating Log Unloading Car,pictures/carop3461c_ident.gif
3462 Automatic Refrigerated Milk Car,3462,Automatic Refrigerated Milk Car,pictures/carop3462a_ident.gif
3462 Automatic Refrigerated Milk Car Platform,3462,Automatic Refrigerated Milk Car Platform,pictures/carop3662_platform_ident.gif
3469 Operating Coal Unloading Car,3469,Operating Coal Unloading Car,pictures/carop3469a_ident.gif
3470 The Target Launcher Car,3470,The Target Launcher Car,pictures/carmil3470_ident.gif
3472 Automatic Refrigerated Milk Car,3472,Automatic Refrigerated Milk Car,pictures/carop3472_ident.gif
3482 Automatic Refrigerated Milk Car,3482,Automatic Refrigerated Milk Car,pictures/carop3482b_ident.gif
3484-25 A T &amp; S F Operating Box Car,3484-25,A T &amp; S F Operating Box Car,pictures/carop3484-25b_ident.gif
3509 The Satellite Launching Car,3509,The Satellite Launching Car,pictures/carmil3509a_ident.gif
3512 Fire Ladder Co. Car,3512,Fire Ladder Co. Car,pictures/carflat3512_ident.gif
3512 Fire Ladder Co. Car,3512,Fire Ladder Co. Car,pictures/carflat3512b_ident.gif
3520 Searchlight Car,3520,Searchlight Car,pictures/carop3520b_ident.gif
3530 Operating Mobile Generator Car,3530,Operating Mobile Generator Car,pictures/carop3530a_ident.gif
3535 The AEC Security Car,3535,The AEC Security Car,pictures/carmil3535_ident.gif
3559 Coal Dump Car,3559,Coal Dump Car,pictures/carop3559a_ident.gif
3562-1 Operating Barrel Car,3562-1,Operating Barrel Car,pictures/carop3562-1b_ident.gif
3562-25 Operating Barrel Car,3562-25,Operating Barrel Car,pictures/carop3562-25c_ident.gif
3562-50 Operating Barrel Car,3562-50,Operating Barrel Car,pictures/carop3562-50b_ident.gif
3562-75 Operating Barrel Car,3562-75,Operating Barrel Car,pictures/carop3562-75_ident.gif
3619 Helicopter Reconnaissance Car,3619,Helicopter Reconnaissance Car,pictures/carmil3619b_ident.gif
3620 Searchlight Car,3620,Searchlight Car,pictures/carop3620b_ident.gif
3620 Searchlight Car,3620,Searchlight Car,pictures/carop3620a_ident.gif
3620 Searchlight Car,3620,Searchlight Car,pictures/carop3620e_ident.gif
3650 Extension Searchlight Car.,3650,Extension Searchlight Car.,pictures/carop3650a_ident.gif
3656 Operating Cattle Car,3656,Operating Cattle Car,pictures/carop3656d_ident.gif
3662 Automatic Refrigerated Milk Car,3662,Automatic Refrigerated Milk Car,pictures/carop3662a_ident.gif
3665 Minuteman Box Car,3665,Minuteman Box Car,pictures/carmil3665a_ident.gif
3665 Minuteman Box Car,3665,Minuteman Box Car,pictures/carmil3665b_ident.gif
3666 Minuteman Cannon Box Car,3666,Minuteman Cannon Box Car,pictures/carmil3666_ident.gif
3672 Operating Bosco Milk Car,3672,Operating Bosco Milk Car,pictures/carop3672_ident.gif
3672 Operating Bosco Milk Car Platform,3672,Operating Bosco Milk Car Platform,pictures/carop3672_platform_ident.gif
3820 U.S.M.C. Submarine Flat Car,3820,U.S.M.C. Submarine Flat Car,pictures/carmil3820_ident.gif
3854 Automatic Merchandise Box Car,3854,Automatic Merchandise Box Car,pictures/carop3854_ident.gif
3927 ,3927,,pictures/unit3927_ident.gif
4452 Gondola,4452,Gondola,pictures/cargon4452c_ident.gif
6002 New York Central Gondola Car,6002,New York Central Gondola Car,pictures/cargon6002_ident.gif
6012 Gondola,6012,Gondola,pictures/cargon6012c_ident.gif
6014 Bosco Box Car,6014,Bosco Box Car,pictures/carbox6014bosa_ident.gif
6014 Chun King Box Car,6014,Chun King Box Car,pictures/carbox6014chk_ident.gif
6014-60 Frisco Box Car,6014-60,Frisco Box Car,pictures/carbox6014-60_ident.gif
6014-85 Frisco Box Car,6014-85,Frisco Box Car,pictures/carbox6014-85f_ident.gif
6014-150 Wix Filters Box Car,6014-150,Wix Filters Box Car,pictures/carbox6014-150b_ident.gif
6014-335 Frisco Box Car,6014-335,Frisco Box Car,pictures/carbox6014-335e_ident.gif
6015 The Sunoco Single Dome Yellow Tank Car,6015,The Sunoco Single Dome Yellow Tank Car,pictures/cartank_1-6015_sunoco_yellow_ident.gif
6017 Lionel Caboose,6017,Lionel Caboose,pictures/carcab6017_ident.gif
6017 Lionel Lines Caboose,6017,Lionel Lines Caboose,pictures/carcab6017m_ident.gif
6017 Lionel Lines Caboose,6017,Lionel Lines Caboose,pictures/carcab6017lla_ident.gif
6017 The  Toy Train Operating Society,6017,The  Toy Train Operating Society,pictures/carcab6017-1968_ident.gif
6017-50 United States Marine Corpts Caboose,6017-50,United States Marine Corpts Caboose,pictures/carcab6017-50_ident.gif
6017-85 Lionel Lines Caboose,6017-85,Lionel Lines Caboose,pictures/carcab6017-85_ident.gif
6017-100 The Boston and Maine SP Type Caboose,6017-100,The Boston and Maine SP Type Caboose,pictures/carcab6017-100b_ident.gif
6017-185 A.T.S.F. Caboose,6017-185,A.T.S.F. Caboose,pictures/carcab6017-185_ident.gif
6017-200 The United States Navy SP Type Caboose,6017-200,The United States Navy SP Type Caboose,pictures/carcab6017-200_ident.gif
6017-235 A.T.S.F. Caboose,6017-235,A.T.S.F. Caboose,pictures/carcab6017-235_ident.gif
6024 Nabisco Shredded Wheat Box Car,6024,Nabisco Shredded Wheat Box Car,pictures/carbox6024shrb_ident.gif
6025 The Gulf Single Dome Tank Car,6025,The Gulf Single Dome Tank Car,pictures/cartank_1-6025a_gulf_ident.gif
6025 The Gulf Single Dome Tank Car,6025,The Gulf Single Dome Tank Car,pictures/cartank_1-6025d_gulf_ident.gif
6032 Gondola,6032,Gondola,pictures/cargon6032_ident.gif
6035 The Sunoco Single Dome Scout Car,6035,The Sunoco Single Dome Scout Car,pictures/cartank_1-6035_ident.gif
6037 Lionel Lines,6037,Lionel Lines,pictures/carcab6037a_ident.gif
6042 Gondola,6042,Gondola,pictures/cargon6042a_ident.gif
6042-250 Gondola,6042-250,Gondola,pictures/cargon6042-250_ident.gif
6044 Airex Box Car,6044,Airex Box Car,pictures/carbox6044b_ident.gif
6044 Airex Box Car,6044,Airex Box Car,pictures/carbox6044d_ident.gif
6044 Airex Box Car,6044,Airex Box Car,pictures/carbox6044a_ident.gif
6044-1X McCall’s Nestle’s Promotional Box Car,6044-1X,McCall’s Nestle’s Promotional Box Car,pictures/carbox6044-1X_ident.gif
6045 Lines,6045,Lines,pictures/cartank6045a_ident.gif
6045 Cities Service,6045,Cities Service,pictures/cartank6045cities_ident.gif
6050 Libby's Tomato Juice Box Car,6050,Libby's Tomato Juice Box Car,pictures/carbox6050liba_ident.gif
6050 Lionel Savings Bank Box Car,6050,Lionel Savings Bank Box Car,pictures/carbox6050a_ident.gif
6050 Swift Box Car,6050,Swift Box Car,pictures/carbox6050swiftb_ident.gif
6058 Chesapeake and Ohio,6058,Chesapeake and Ohio,pictures/carcab6058a_ident.gif
6059 Lines M &amp; St. L Caboose,6059,Lines M &amp; St. L Caboose,pictures/carcab6059b_ident.gif
6059 Lines M &amp; St. L Caboose,6059,Lines M &amp; St. L Caboose,pictures/carcab6059d_ident.gif
6062 New York Central Gondola,6062,New York Central Gondola,pictures/cargon6062b_ident.gif
6076 Lehigh Valley,6076,Lehigh Valley,pictures/carhop6076a_ident.gif
6076 Lehigh Valley,6076,Lehigh Valley,pictures/carhop6076b_ident.gif
6112 Gondola,6112,Gondola,pictures/cargon6112a_ident.gif
6112 Gondola,6112,Gondola,pictures/cargon6112b_ident.gif
6112 Gondola,6112,Gondola,pictures/cargon6112d_ident.gif
6119-25 D.L. &amp; Western Work Caboose,6119-25,D.L. &amp; Western Work Caboose,pictures/carcab6119-25_ident.gif
6119-50 D.L. &amp; Western Work Caboose,6119-50,D.L. &amp; Western Work Caboose,pictures/carcab6119-50_ident.gif
6119-75 D.L. &amp; Western Work Caboose,6119-75,D.L. &amp; Western Work Caboose,pictures/carcab6119-75_ident.gif
6119-100 D.L. &amp; Western Work Caboose,6119-100,D.L. &amp; Western Work Caboose,pictures/carcab6119-100b_ident.gif
6119-100 D.L. &amp; Western Work Caboose,6119-100,D.L. &amp; Western Work Caboose,pictures/carcab6119-100g_ident.gif
6162 New York Central Gondola,6162,New York Central Gondola,pictures/cargon6162a_ident.gif
6162-60 Alaska Railroad Gondola,6162-60,Alaska Railroad Gondola,pictures/cargon6162-60a_ident.gif
6167-85 Union Pacific Caboose,6167-85,Union Pacific Caboose,pictures/carcab6167-85_ident.gif
6167-1967 Toy Train Operating Society,6167-1967,Toy Train Operating Society,pictures/carhop6167-1967_ident.gif
6175 Red Rocket Car,6175,Red Rocket Car,pictures/carmil6175a_ident.gif
6175 Black Rocket Car,6175,Black Rocket Car,pictures/carmil6175d_ident.gif
6176-50 The  Lehigh Valley,6176-50,The  Lehigh Valley,pictures/carhop6176k_ident.gif
6176 The  Lehigh Valley,6176,The  Lehigh Valley,pictures/carhop6176d_ident.gif
6176 he  Olive Drab,6176,he  Olive Drab,pictures/carhop6176-100_ident.gif
6257 Lionel Caboose,6257,Lionel Caboose,pictures/carcab6257_type1b_ident.gif
6257 The  Toy Train Operating Society,6257,The  Toy Train Operating Society,pictures/carcab6257_ttos_ident.gif
6311 Pipe Car,6311,Pipe Car,pictures/carflat6311_ident.gif
6315 The Gulf,6315,The Gulf,pictures/cartank6315b_ident.gif
6315 Lines  Chemical Tank Car,6315,Lines  Chemical Tank Car,pictures/cartank6315-60b_ident.gif
6342 Culvert Car,6342,Culvert Car,pictures/carop6342a_ident.gif
6343 The Barrel Ramp Car,6343,The Barrel Ramp Car,pictures/carflat6343_ident.gif
6352 Pacific Fruit Express Car,6352,Pacific Fruit Express Car,pictures/carop6352a_ident.gif
6352 Pacific Fruit Express Car,6352,Pacific Fruit Express Car,pictures/carop6352b_ident.gif
6356 New York Central Cattle Car,6356,New York Central Cattle Car,pictures/carcat6356b_ident.gif
6357 SP Caboose,6357,SP Caboose,pictures/carcab6357b_ident.gif
6357 SP Caboose,6357,SP Caboose,pictures/carcab6357h_ident.gif
6357 SP Caboose,6357,SP Caboose,pictures/carcab6357e_ident.gif
6357 SP Caboose,6357,SP Caboose,pictures/carcab6357i_ident.gif
6357-50 A.T. &amp; S.F. Caboose,6357-50,A.T. &amp; S.F. Caboose,pictures/carcab6357-50_ident.gif
6361 Lines Timber Car,6361,Lines Timber Car,pictures/carflat6361_ident.gif
6376 Circus Cattle Car,6376,Circus Cattle Car,pictures/carcat6376_ident.gif
6407 Rocket Car,6407,Rocket Car,pictures/carmil6407_ident.gif
6413 The Mercury Project Car,6413,The Mercury Project Car,pictures/carmil6413b_ident.gif
6413 The Mercury Project Car,6413,The Mercury Project Car,pictures/carmil6413_ident.gif
6414 Auto Loader Car,6414,Auto Loader Car,pictures/carflat6414e_ident.gif
6415(F) The Sunoco 3-Dome,6415(F),The Sunoco 3-Dome,pictures/cartank6415c_ident.gif
6417-25 Lines,6417-25,Lines,pictures/carcab6417-25_ident.gif
6417-50 Lehigh Valley,6417-50,Lehigh Valley,pictures/carcab6417-50_ident.gif
6417-50 Lehigh Valley,6417-50,Lehigh Valley,pictures/carcab6417-50b_ident.gif
6419 D.L. &amp; W.,6419,D.L. &amp; W.,pictures/carcab6419a_ident.gif
6419-25 D.L. &amp; W.,6419-25,D.L. &amp; W.,pictures/carcab6419-25_ident.gif
6419-50 D.L. &amp; W.,6419-50,D.L. &amp; W.,pictures/carcab6419-50_ident.gif
6419-75 D.L. &amp; W.,6419-75,D.L. &amp; W.,pictures/carcab6419-75_ident.gif
6419-100 Norfolk &amp; Western,6419-100,Norfolk &amp; Western,pictures/carcab6419-100_ident.gif
6420 D.L. &amp; W.,6420,D.L. &amp; W.,pictures/carcab6420b_ident.gif
6425 The Gulf 3-Dome,6425,The Gulf 3-Dome,pictures/cartank_3-6425_ident.gif
6427-60 The Virginian,6427-60,The Virginian,pictures/carcab6427-60_ident.gif
6428 United States Mail Box Car,6428,United States Mail Box Car,pictures/carbox6428a_ident.gif
6429 D.L. &amp; W.,6429,D.L. &amp; W.,pictures/carcab6429_ident.gif
6436-1 Lehigh Valley Quad Hopper,6436-1,Lehigh Valley Quad Hopper,pictures/carhop6436-1b_ident.gif
6436-25 Lehigh Valley Quad Hopper,6436-25,Lehigh Valley Quad Hopper,pictures/carhop6436-25b_ident.gif
6436-110 Lehigh Valley Quad Hopper,6436-110,Lehigh Valley Quad Hopper,pictures/carhop6436-110b_ident.gif
6445 Fort Knox Gold Reserve Box Car,6445,Fort Knox Gold Reserve Box Car,pictures/carbox6445_ident.gif
6446-25 Norfolk and Western Quad Hopper,6446-25,Norfolk and Western Quad Hopper,pictures/carhop6446-25d_ident.gif
6446-25 The Norfolk and Western Quad Hopper,6446-25,The Norfolk and Western Quad Hopper,pictures/carhop6446-25c_ident.gif
6446-25 Norfolk and Western Quad Hopper,6446-25,Norfolk and Western Quad Hopper,pictures/carhop6446-25e_ident.gif
6446-60 Lehigh Valley Quad Hopper,6446-60,Lehigh Valley Quad Hopper,pictures/carhop6446-60_ident.gif
6456 Lehigh Valley,6456,Lehigh Valley,pictures/carhop6456-1d_ident.gif
6456 The  Lehigh Valley,6456,The  Lehigh Valley,pictures/carhop6456-3e_ident.gif
6456 The  Lehigh Valley,6456,The  Lehigh Valley,pictures/carhop6456-75_ident.gif
6457 SP Caboose,6457,SP Caboose,pictures/carcab6457b_ident.gif
6457 SP Caboose,6457,SP Caboose,pictures/carcab6457d_ident.gif
 New York Central Red Type 1c Gondola Car,,New York Central Red Type 1c Gondola Car,pictures/cargon6462l_ident.gif
6462-25 NYC Gondola,6462-25,NYC Gondola,pictures/cargon6462-25t_ident.gif
6462 NYC Gondola,6462,NYC Gondola,pictures/cargon6462p_ident.gif
 NYC Gondola Variation O,,NYC Gondola Variation O,pictures/cargon6462o_ident.gif
6462 NYC Gondola,6462,NYC Gondola,pictures/cargon6462-125r_ident.gif
6462-500 NYC Gondola,6462-500,NYC Gondola,pictures/cargon6462-500_ident.gif
6463 The Rocket Fuel 2-Dome,6463,The Rocket Fuel 2-Dome,pictures/cartank_2-6463_rocket_fuel_ident.gif
6464-1967 TCA Convention Box Car,6464-1967,TCA Convention Box Car,pictures/carbox6464-1967_ident.gif
6464-1 Western Pacific,6464-1,Western Pacific,pictures/carbox6464-1b_ident.gif
6464-25 Great Northern,6464-25,Great Northern,pictures/carbox6464-25b_ident.gif
6464-50 ,6464-50,,pictures/carbox6464-50b_ident.gif
6464-100 The Western Pacific,6464-100,The Western Pacific,pictures/carbox6464-100b_ident.gif
6464-100 The Western Pacific,6464-100,The Western Pacific,pictures/carbox6464-100e_ident.gif
6464-200 Pennsylvania,6464-200,Pennsylvania,pictures/carbox6464-200d_ident.gif
6464-200 Pennsylvania,6464-200,Pennsylvania,pictures/carbox6464-200a_ident.gif
6464-225 Southern Pacific,6464-225,Southern Pacific,pictures/carbox6464-225c_ident.gif
6464-250 Western Pacific,6464-250,Western Pacific,pictures/carbox6464-250b_ident.gif
6464-275 State of Maine,6464-275,State of Maine,pictures/carbox6464-275d_ident.gif
6464-300 Rutland,6464-300,Rutland,pictures/carbox6464-300c_ident.gif
6464-300 The Rutland,6464-300,The Rutland,pictures/carbox6464-300b_ident.gif
6464-350 M-K-T 'Katy',6464-350,M-K-T 'Katy',pictures/carbox6464-350a_ident.gif
6464-350 M-K-T 'Katy',6464-350,M-K-T 'Katy',pictures/carbox6464-350b_ident.gif
6464-400 Baltimore &amp; Ohio Timesaver,6464-400,Baltimore &amp; Ohio Timesaver,pictures/carbox6464-400a_ident.gif
6464-425 New Haven,6464-425,New Haven,pictures/carbox6464-425b_ident.gif
6464-425 New Haven,6464-425,New Haven,pictures/carbox6464-425d_ident.gif
6464-450 Great Northern,6464-450,Great Northern,pictures/carbox6464-450a_ident.gif
6464-500 Timken,6464-500,Timken,pictures/carbox6464-500b_ident.gif
6464-500 Timken,6464-500,Timken,pictures/carbox64-500_ident.gif
6464-510 The NYC Pacemaker,6464-510,The NYC Pacemaker,pictures/carbox6464-510_ident.gif
6464-1965 The TCA Convention Box Car,6464-1965,The TCA Convention Box Car,pictures/carbox6464-1965a_ident.gif
6465 The Cities Service 2-Dome Tank Car,6465,The Cities Service 2-Dome Tank Car,pictures/cartank_2-6465_cities_ident.gif
6465 The Gulf 2-Dome,6465,The Gulf 2-Dome,pictures/cartank_2-6465_gulf_ident.gif
6465 Lines Black 2-Dome,6465,Lines Black 2-Dome,pictures/cartank_2-6465_lionel_lines_black_ident.gif
6465 Lines 2-Dome,6465,Lines 2-Dome,pictures/cartank_2-6465_lionel_lines_ident.gif
6465 The Sunoco 2-Dome,6465,The Sunoco 2-Dome,pictures/cartank_2-6465_ident.gif
6468 Baltimore and Ohio Automobile Box Car,6468,Baltimore and Ohio Automobile Box Car,pictures/carbox6468a_ident.gif
6468 Baltimore and Ohio Automobile Box Car,6468,Baltimore and Ohio Automobile Box Car,pictures/carbox6468c_ident.gif
6468-25 New Haven Automobile Car,6468-25,New Haven Automobile Car,pictures/carbox6468-25a_ident.gif
6470 The Explosives Exploding Box Car,6470,The Explosives Exploding Box Car,pictures/carmil6470_ident.gif
6472 Refrigerator Car,6472,Refrigerator Car,pictures/carref6472b_ident.gif
6473 Horse Transport Car,6473,Horse Transport Car,pictures/carop6473b_ident.gif
6475 Pickles Vat Car,6475,Pickles Vat Car,pictures/carvat6475a_ident.gif
6475 Pickles Vat Car,6475,Pickles Vat Car,pictures/carvat6475d_ident.gif
6475 Pickles Vat Car,6475,Pickles Vat Car,pictures/carvat6475e_ident.gif
6476 The  Lehigh Valley,6476,The  Lehigh Valley,pictures/carhop6476-6e_ident.gif
6476-25 The Lehigh Valley,6476-25,The Lehigh Valley,pictures/carhop6476-25b_ident.gif
6476 The Lehigh Valley,6476,The Lehigh Valley,pictures/carhop6476-50_ident.gif
6476-85 The  Lehigh Valley,6476-85,The  Lehigh Valley,pictures/carhop6476-5b_ident.gif
6476-75 The  Lehigh Valley,6476-75,The  Lehigh Valley,pictures/carhop6476-75_ident.gif
6476-135 The  Lehigh Valley,6476-135,The  Lehigh Valley,pictures/carhop6476-135a_ident.gif
6476-160 The  Lehigh Valley,6476-160,The  Lehigh Valley,pictures/carhop6476-160_ident.gif
6480 Explosivies Car,6480,Explosivies Car,pictures/carmil6480_ident.gif
6482 Refrigerator Car,6482,Refrigerator Car,pictures/carref6482_ident.gif
6511 Pipe Car,6511,Pipe Car,pictures/carflat6511a_ident.gif
6511 Pipe Car,6511,Pipe Car,pictures/carflat6511d_ident.gif
6512 The Cherry Picker Car,6512,The Cherry Picker Car,pictures/carmil6512_ident.gif
6517 Lines,6517,Lines,pictures/carcab6517_ident.gif
6517-75 The Erie,6517-75,The Erie,pictures/carcab6517-75a_ident.gif
6517-1966 The TCA,6517-1966,The TCA,pictures/carcab_6517_tca_ident.gif
6520 Searchlight Car,6520,Searchlight Car,pictures/carop6520d_ident.gif
6530 Fire Fighting Instruction Car,6530,Fire Fighting Instruction Car,pictures/carbox6530_ident.gif
6536 The M &amp; St.L Quad Hopper,6536,The M &amp; St.L Quad Hopper,pictures/carhop6536b_ident.gif
6544 Missile Firing Car,6544,Missile Firing Car,pictures/carmil6544_ident.gif
6555 Sunoco Metal Single Dome Tank Car,6555,Sunoco Metal Single Dome Tank Car,pictures/cartank6555a_ident.gif
6556 M-K-T Cattle Car,6556,M-K-T Cattle Car,pictures/carcat6556_ident.gif
6557 Smoking Caboose,6557,Smoking Caboose,pictures/carcab6557b_ident.gif
6572 REA Refrigerator Car,6572,REA Refrigerator Car,pictures/carref6572b_ident.gif
6630 The IRBM Launcher Car,6630,The IRBM Launcher Car,pictures/carmil6630_ident.gif
6636 The Alaska Railroad Quad Hopper,6636,The Alaska Railroad Quad Hopper,pictures/carhop6636a_ident.gif
6646 Cattle Car,6646,Cattle Car,pictures/carcat6646b_ident.gif
6650 IRBM Launcher Flat Car,6650,IRBM Launcher Flat Car,pictures/carmil6650_ident.gif
6656 Cattle Car,6656,Cattle Car,pictures/carcat6656b_ident.gif
6656 Cattle Car,6656,Cattle Car,pictures/carcat6656c_ident.gif
 Rio Grande 6657 SP Type Caboose,,Rio Grande 6657 SP Type Caboose,pictures/carcab6657_ident.gif
6672 Santa Fe Refrigerator Car,6672,Santa Fe Refrigerator Car,pictures/carref6672b_ident.gif
6672 Santa Fe Refrigerator Car,6672,Santa Fe Refrigerator Car,pictures/carref6672d_ident.gif
 Note the third line of car data in the fourth and fifth panel to the right of the door,,Note the third line of car data in the fourth and fifth panel to the right of the door,pictures/carref6672a_ident.gif
6736 The Detroit &amp; Mackinac Quad Hopper,6736,The Detroit &amp; Mackinac Quad Hopper,pictures/carhop6736a_ident.gif
6803 U.S.M.C. Trucks Car,6803,U.S.M.C. Trucks Car,pictures/carmil6803_ident.gif
6804 U.S.M.C. Trucks Car,6804,U.S.M.C. Trucks Car,pictures/carmil6804_ident.gif
6805 Atomic Waste Disposal Car,6805,Atomic Waste Disposal Car,pictures/carmil6805b_ident.gif
6806 U.S.M.C. Trucks Car,6806,U.S.M.C. Trucks Car,pictures/carmil6806_ident.gif
6807 U.S.M.C. DUCK Car,6807,U.S.M.C. DUCK Car,pictures/carmil6807_ident.gif
6808 U.S.M.C. Trucks Car,6808,U.S.M.C. Trucks Car,pictures/carmil6808_ident.gif
6809 U.S.M.C. Trucks Car,6809,U.S.M.C. Trucks Car,pictures/carmil6809_ident.gif
6810 Trailer Car,6810,Trailer Car,pictures/carflat6810a_ident.gif
6814 Rescue Unit Work Caboose,6814,Rescue Unit Work Caboose,pictures/carcab6814_ident.gif
6816 Allis-Chalmers Dozer Flat Car,6816,Allis-Chalmers Dozer Flat Car,pictures/carflat6816c_ident.gif
6820 The Missile Transport Helicopter Car,6820,The Missile Transport Helicopter Car,pictures/carmil6820_ident.gif
6823 IRBM Missile Car,6823,IRBM Missile Car,pictures/carmil6823_ident.gif
6825 Trestle Bridge Car,6825,Trestle Bridge Car,pictures/carflat6825b_ident.gif
6830 U.S. Navy Submarine Car,6830,U.S. Navy Submarine Car,pictures/carmil6830_ident.gif
6844 Missile Storage Car,6844,Missile Storage Car,pictures/carmil6844_ident.gif
6844 Missile Storage Car,6844,Missile Storage Car,pictures/carmil6844c_ident.gif
B310 Billboard Set,B310,Billboard Set,pictures/accb310_ident.jpg
 Remote Control Section,,Remote Control Section,pictures/trackrcs_ident.gif
X1004 Baby Ruth Box Car,X1004,Baby Ruth Box Car,pictures/carboxx1004a_ident.gif
X2454 The  Baby Ruth Box Car,X2454,The  Baby Ruth Box Car,pictures/carboxx2454br_ident.gif
X2454 The  Pennsylvania Box Car,X2454,The  Pennsylvania Box Car,pictures/carboxx2454a_ident.gif
X2458 The  Pennsylvannia Automobile Box Car,X2458,The  Pennsylvannia Automobile Box Car,pictures/carboxx2458b_ident.gif
X2758 The  Pennsylvannia Automobile Box Car,X2758,The  Pennsylvannia Automobile Box Car,pictures/carboxx2758a_ident.gif
X3464 A.T. &amp; S.F. Box Car,X3464,A.T. &amp; S.F. Box Car,pictures/carop3464atsf_ident.gif
X3464 New York Central Box Car,X3464,New York Central Box Car,pictures/carop3464nyc_ident.gif
X6004 Baby Ruth Box Car,X6004,Baby Ruth Box Car,pictures/carboxx6004b_ident.gif
6464-275 State of Maine Box Car,6464-275,State of Maine Box Car,pictures/carbox6464-275a_ident.gif
